{
  "adjacency": [
    [
      0.0,
      0.30000000000000004
    ],
    [
      0.30000000000000004,
      0.0
    ]
  ],
  "labels": [
    "example_pkg.f",
    "example_pkg.g"
  ],
  "mode": "kfp",
  "beta": 0.8
}